"","year","ln_alpha","region","pfma","brood_yr","sst","sst.anom","stock.id","period"
"1",1982,1.07274629588857,"Haida Gwaii","Area 2E",1980,9.28550859292348,-0.344138502683799,2,"annual"
"2",1983,1.15004982657086,"Haida Gwaii","Area 2E",1981,10.2760396798452,0.646392584237903,2,"annual"
"3",1984,1.13419128633539,"Haida Gwaii","Area 2E",1982,9.61299136479696,-0.016655730810321,2,"annual"
"4",1985,1.07548963890031,"Haida Gwaii","Area 2E",1983,9.06588055292765,-0.563766542679625,2,"annual"
"5",1986,0.99414225560887,"Haida Gwaii","Area 2E",1984,9.82830998102824,0.198662885420962,2,"annual"
"6",1987,0.991730761085387,"Haida Gwaii","Area 2E",1985,9.83337512811025,0.203728032502972,2,"annual"
"7",1988,0.824145401611245,"Haida Gwaii","Area 2E",1986,9.53551179567973,-0.0941352999275456,2,"annual"
"8",1989,0.793070662535185,"Haida Gwaii","Area 2E",1987,9.79598962465922,0.166342529051943,2,"annual"
"9",1990,0.951771642789767,"Haida Gwaii","Area 2E",1988,9.81665118535359,0.187004089746316,2,"annual"
"10",1991,1.19465507871207,"Haida Gwaii","Area 2E",1989,9.58691456317902,-0.0427325324282593,2,"annual"
"11",1992,1.24287505151251,"Haida Gwaii","Area 2E",1990,10.1097519079844,0.480104812377141,2,"annual"
"12",1993,1.24852902386404,"Haida Gwaii","Area 2E",1991,10.1554395119349,0.525792416327635,2,"annual"
"13",1994,1.00948599498877,"Haida Gwaii","Area 2E",1992,10.174923102061,0.545276006453676,2,"annual"
"14",1995,0.965283767990098,"Haida Gwaii","Area 2E",1993,10.1460189501444,0.516371854537169,2,"annual"
"15",1996,1.03436817977017,"Haida Gwaii","Area 2E",1994,9.6306320587794,0.000984963172119967,2,"annual"
"16",1997,1.32710972367288,"Haida Gwaii","Area 2E",1995,10.395280901591,0.765633805983707,2,"annual"
"17",1998,1.26692450136089,"Haida Gwaii","Area 2E",1996,10.3364915211995,0.706844425592265,2,"annual"
"18",1999,1.40440514336209,"Haida Gwaii","Area 2E",1997,9.16638555526733,-0.463261540339945,2,"annual"
"19",2000,1.54103167529024,"Haida Gwaii","Area 2E",1998,9.57269415855408,-0.0569529370532003,2,"annual"
"20",2001,1.60453833708586,"Haida Gwaii","Area 2E",1999,9.23948833942413,-0.390158756183143,2,"annual"
"21",2002,1.62060604995042,"Haida Gwaii","Area 2E",2000,9.80141249497731,0.171765399370031,2,"annual"
"22",2003,1.74313328349823,"Haida Gwaii","Area 2E",2001,10.3281118313471,0.698464735739869,2,"annual"
"23",2004,1.68379153423849,"Haida Gwaii","Area 2E",2002,10.3074250618617,0.677777966254391,2,"annual"
"24",2005,1.43066656165149,"Haida Gwaii","Area 2E",2003,10.4660882711411,0.836441175533772,2,"annual"
"25",2006,1.31366590935023,"Haida Gwaii","Area 2E",2004,9.78652546405793,0.156878368450648,2,"annual"
"26",2007,1.32789438324509,"Haida Gwaii","Area 2E",2005,9.36603520711263,-0.263611888494646,2,"annual"
"27",2008,1.55863858049998,"Haida Gwaii","Area 2E",2006,8.83259195486704,-0.797055140740235,2,"annual"
"28",2009,1.44201358167443,"Haida Gwaii","Area 2E",2007,9.22740503152211,-0.402242064085164,2,"annual"
"29",2010,1.34617745615041,"Haida Gwaii","Area 2E",2008,9.7669821023941,0.13733500678682,2,"annual"
"30",2011,1.27761488998484,"Haida Gwaii","Area 2E",2009,9.53235843976339,-0.0972886558438888,2,"annual"
"31",2012,1.34871918244888,"Haida Gwaii","Area 2E",2010,9.27700103918712,-0.352646056420163,2,"annual"
"32",2013,1.30377381072581,"Haida Gwaii","Area 2E",2011,9.960338083903,0.330690988295721,2,"annual"
"33",2014,1.17277272374469,"Haida Gwaii","Area 2E",2012,10.6585474809011,1.0289003852938,2,"annual"
"34",2015,0.880840018907665,"Haida Gwaii","Area 2E",2013,11.0495936075846,1.41994651197736,2,"annual"
"35",2016,0.807824403632786,"Haida Gwaii","Area 2E",2014,10.9351843039195,1.3055372083122,2,"annual"
"36",2017,0.506661796551465,"Haida Gwaii","Area 2E",2015,10.1940456549327,0.564398559325377,2,"annual"
"37",2018,0.308944834166309,"Haida Gwaii","Area 2E",2016,10.6213143428167,0.991667247209396,2,"annual"
"38",2019,0.346835149126693,"Haida Gwaii","Area 2E",2017,10.7257449865341,1.09609789092684,2,"annual"
"39",2020,0.513924390694761,"Haida Gwaii","Area 2E",2018,10.284920779864,0.655273684256715,2,"annual"
"40",2021,0.476807163110916,"Haida Gwaii","Area 2E",2019,9.73720688025157,0.107559784644288,2,"annual"
"41",2022,0.491169323603342,"Haida Gwaii","Area 2E",2020,9.95768538316091,0.328038287553627,2,"annual"
"42",1982,1.71009585091683,"Nass","Area 3",1980,8.97122699684567,-0.333145039546251,5,"annual"
"43",1983,1.86929955853168,"Nass","Area 3",1981,9.99113513363732,0.686763097245401,5,"annual"
"44",1984,2.27038594226431,"Nass","Area 3",1982,9.4010465807385,0.0966745443465767,5,"annual"
"45",1985,2.15472269295266,"Nass","Area 3",1983,8.69538638326857,-0.60898565312335,5,"annual"
"46",1986,1.58517281706309,"Nass","Area 3",1984,9.43491857581669,0.130546539424769,5,"annual"
"47",1987,1.42370896514223,"Nass","Area 3",1985,9.50618063078986,0.201808594397939,5,"annual"
"48",1988,1.87243719734708,"Nass","Area 3",1986,9.30103021197849,-0.00334182441342812,5,"annual"
"49",1989,1.95054578867055,"Nass","Area 3",1987,9.50042263666789,0.196050600275967,5,"annual"
"50",1990,1.96818078823252,"Nass","Area 3",1988,9.48987017737494,0.185498140983025,5,"annual"
"51",1991,2.19438515974116,"Nass","Area 3",1989,9.16545055972205,-0.138921476669868,5,"annual"
"52",1992,2.53087230856768,"Nass","Area 3",1990,9.67387090788947,0.369498871497553,5,"annual"
"53",1993,3.0715966931249,"Nass","Area 3",1991,9.79435748524136,0.489985448849436,5,"annual"
"54",1994,1.96097499012458,"Nass","Area 3",1992,9.78669966591729,0.482327629525369,5,"annual"
"55",1995,1.73174164144272,"Nass","Area 3",1993,9.75994765758514,0.455575621193221,5,"annual"
"56",1996,1.29936285302297,"Nass","Area 3",1994,9.23210394382477,-0.0722680925671494,5,"annual"
"57",1997,1.60298759355293,"Nass","Area 3",1995,10.0563731325997,0.752001096207809,5,"annual"
"58",1998,1.69290545684137,"Nass","Area 3",1996,10.015428132481,0.711056096089123,5,"annual"
"59",1999,2.31799978137215,"Nass","Area 3",1997,8.91663661268022,-0.387735423711697,5,"annual"
"60",2000,2.13462639397665,"Nass","Area 3",1998,9.2290530734592,-0.0753189629327187,5,"annual"
"61",2001,2.06150447004938,"Nass","Area 3",1999,8.95750572946337,-0.346866306928553,5,"annual"
"62",2002,1.99103672537287,"Nass","Area 3",2000,9.39094765981038,0.0865756234184598,5,"annual"
"63",2003,2.10636598579416,"Nass","Area 3",2001,10.0142384370168,0.709866400624884,5,"annual"
"64",2004,2.13231201838546,"Nass","Area 3",2002,9.9429601960712,0.638588159679281,5,"annual"
"65",2005,1.75856226479229,"Nass","Area 3",2003,10.1262910763423,0.821919039950338,5,"annual"
"66",2006,1.72068249883774,"Nass","Area 3",2004,9.44898506005605,0.14461302366413,5,"annual"
"67",2007,1.95735815406164,"Nass","Area 3",2005,9.06234591537052,-0.242026121021398,5,"annual"
"68",2008,2.23715909164174,"Nass","Area 3",2006,8.62327635288238,-0.681095683509539,5,"annual"
"69",2009,1.75907104935015,"Nass","Area 3",2007,8.93321214781867,-0.37115988857325,5,"annual"
"70",2010,1.85439358900867,"Nass","Area 3",2008,9.48940193653107,0.185029900139145,5,"annual"
"71",2011,2.35459503287054,"Nass","Area 3",2009,9.29595545927683,-0.00841657711508965,5,"annual"
"72",2012,2.51203110386304,"Nass","Area 3",2010,9.02026965883043,-0.284102377561488,5,"annual"
"73",2013,2.60359004078803,"Nass","Area 3",2011,9.61403874556224,0.309666709170319,5,"annual"
"74",2014,2.44025571246209,"Nass","Area 3",2012,10.2237362729179,0.919364236525931,5,"annual"
"75",2015,2.53299745299129,"Nass","Area 3",2013,10.6072152853012,1.30284324890929,5,"annual"
"76",2016,2.39128326443367,"Nass","Area 3",2014,10.6097886297438,1.30541659335187,5,"annual"
"77",2017,1.77902089145278,"Nass","Area 3",2015,9.91497985521953,0.610607818827609,5,"annual"
"78",2018,1.74734984695875,"Nass","Area 3",2016,10.3117904000812,1.0074183636893,5,"annual"
"79",2019,2.04376506536566,"Nass","Area 3",2017,10.361948940489,1.05757690409711,5,"annual"
"80",2020,2.4590102030241,"Nass","Area 3",2018,9.90999502605862,0.605622989666703,5,"annual"
"81",2021,2.58888052424947,"Nass","Area 3",2019,9.41410495175256,0.109732915360635,5,"annual"
"82",2022,2.66547912264567,"Nass","Area 3",2020,9.68212195237477,0.377749915982852,5,"annual"
"83",1982,1.39975299809612,"Skeena","Area 4",1980,9.13859530289968,-0.328373647778413,6,"annual"
"84",1983,1.55397822540017,"Skeena","Area 4",1981,10.1389163335164,0.671947382838347,6,"annual"
"85",1984,1.67275729821646,"Skeena","Area 4",1982,9.49184389909109,0.0248749484129988,6,"annual"
"86",1985,1.60483697328157,"Skeena","Area 4",1983,8.87631567319235,-0.590653277485745,6,"annual"
"87",1986,1.31668588568676,"Skeena","Area 4",1984,9.64134659369788,0.174377643019783,6,"annual"
"88",1987,0.996958780936108,"Skeena","Area 4",1985,9.68490411837895,0.217935167700863,6,"annual"
"89",1988,1.71635292563605,"Skeena","Area 4",1986,9.41302839914958,-0.0539405515285077,6,"annual"
"90",1989,2.00973910917231,"Skeena","Area 4",1987,9.63974756002426,0.172778609346172,6,"annual"
"91",1990,2.03793685709343,"Skeena","Area 4",1988,9.67216251293818,0.205193562260088,6,"annual"
"92",1991,1.86720056723289,"Skeena","Area 4",1989,9.36291452248892,-0.104054428189176,6,"annual"
"93",1992,1.66327974589419,"Skeena","Area 4",1990,9.89366571108501,0.426696760406915,6,"annual"
"94",1993,1.75183982837231,"Skeena","Area 4",1991,9.97226170698801,0.505292756309924,6,"annual"
"95",1994,0.942098127402062,"Skeena","Area 4",1992,9.98463628689448,0.51766733621639,6,"annual"
"96",1995,1.07360666140913,"Skeena","Area 4",1993,9.97003789742787,0.503068946749781,6,"annual"
"97",1996,0.77705023102752,"Skeena","Area 4",1994,9.42990970611572,-0.0370592445623699,6,"annual"
"98",1997,1.34043201048562,"Skeena","Area 4",1995,10.2288094758987,0.761840525220658,6,"annual"
"99",1998,1.36126479418457,"Skeena","Area 4",1996,10.1960295637449,0.729060613066771,6,"annual"
"100",1999,1.89547216181588,"Skeena","Area 4",1997,9.05796553691228,-0.409003413765813,6,"annual"
"101",2000,1.31786218566989,"Skeena","Area 4",1998,9.40684161583583,-0.060127334842263,6,"annual"
"102",2001,1.17320045874599,"Skeena","Area 4",1999,9.08793226877849,-0.379036681899605,6,"annual"
"103",2002,1.25299348897631,"Skeena","Area 4",2000,9.58075849215189,0.113789541473801,6,"annual"
"104",2003,1.35833843358098,"Skeena","Area 4",2001,10.1762567162514,0.709287765573281,6,"annual"
"105",2004,1.34236413270419,"Skeena","Area 4",2002,10.1186429063479,0.651673955669819,6,"annual"
"106",2005,1.13792265608723,"Skeena","Area 4",2003,10.2962584892909,0.829289538612779,6,"annual"
"107",2006,1.10879588553119,"Skeena","Area 4",2004,9.63063905636469,0.163670105686603,6,"annual"
"108",2007,1.34729874053548,"Skeena","Area 4",2005,9.21921602884929,-0.247752921828805,6,"annual"
"109",2008,1.80926857614647,"Skeena","Area 4",2006,8.74139976501464,-0.725569185663448,6,"annual"
"110",2009,1.6119636543006,"Skeena","Area 4",2007,9.06646549701691,-0.400503453661184,6,"annual"
"111",2010,1.48202801086967,"Skeena","Area 4",2008,9.63164607683817,0.164677126160082,6,"annual"
"112",2011,1.4028054628362,"Skeena","Area 4",2009,9.43237632513046,-0.0345926255476291,6,"annual"
"113",2012,1.58704581347901,"Skeena","Area 4",2010,9.17278083165487,-0.29418811902322,6,"annual"
"114",2013,1.5720535384326,"Skeena","Area 4",2011,9.7779965599378,0.311027609259712,6,"annual"
"115",2014,1.32107058393056,"Skeena","Area 4",2012,10.413637638092,0.946668687413945,6,"annual"
"116",2015,1.18255821550504,"Skeena","Area 4",2013,10.8023791710536,1.33541022037547,6,"annual"
"117",2016,1.10217073004367,"Skeena","Area 4",2014,10.7562766869863,1.2893077363082,6,"annual"
"118",2017,0.272045363930588,"Skeena","Area 4",2015,10.0748007297516,0.607831779073498,6,"annual"
"119",2018,0.496914461690124,"Skeena","Area 4",2016,10.4612779021263,0.994308951448224,6,"annual"
"120",2019,0.759261135909551,"Skeena","Area 4",2017,10.5087010463079,1.04173209562979,6,"annual"
"121",2020,1.54423180665977,"Skeena","Area 4",2018,10.0678933064143,0.600924355736198,6,"annual"
"122",2021,1.82519723551087,"Skeena","Area 4",2019,9.57379925251007,0.106830301831978,6,"annual"
"123",2022,1.93788648269494,"Skeena","Area 4",2020,9.81411236524581,0.347143414567719,6,"annual"
"124",1982,1.40807602269344,"Hecate Lowlands","Area 5-6",1980,9.6357547044754,-0.331455918609124,3,"annual"
"125",1983,1.50675984021061,"Hecate Lowlands","Area 5-6",1981,10.6142839590708,0.647073335986321,3,"annual"
"126",1984,1.46101241986773,"Hecate Lowlands","Area 5-6",1982,9.84393175443013,-0.123278868654389,3,"annual"
"127",1985,1.3350354565193,"Hecate Lowlands","Area 5-6",1983,9.40092649724748,-0.566284125837039,3,"annual"
"128",1986,0.906394945143337,"Hecate Lowlands","Area 5-6",1984,10.1168492502636,0.149638627179115,3,"annual"
"129",1987,1.05483612319412,"Hecate Lowlands","Area 5-6",1985,10.172080622779,0.204869999694473,3,"annual"
"130",1988,1.4256867955836,"Hecate Lowlands","Area 5-6",1986,9.85174889034696,-0.115461732737564,3,"annual"
"131",1989,1.27319262512524,"Hecate Lowlands","Area 5-6",1987,10.180287361145,0.213076738060495,3,"annual"
"132",1990,1.30211024434782,"Hecate Lowlands","Area 5-6",1988,10.2184251679315,0.251214544846931,3,"annual"
"133",1991,1.54087182586371,"Hecate Lowlands","Area 5-6",1989,9.9015709956487,-0.0656396274358183,3,"annual"
"134",1992,1.42601729082848,"Hecate Lowlands","Area 5-6",1990,10.4935845798916,0.526373956807116,3,"annual"
"135",1993,1.62904265151043,"Hecate Lowlands","Area 5-6",1991,10.469494316313,0.502283693228474,3,"annual"
"136",1994,0.956144991766893,"Hecate Lowlands","Area 5-6",1992,10.5744867722193,0.607276149134816,3,"annual"
"137",1995,1.01449786117632,"Hecate Lowlands","Area 5-6",1993,10.6099786493513,0.642768026266806,3,"annual"
"138",1996,1.07924818499385,"Hecate Lowlands","Area 5-6",1994,9.97689647144742,0.00968584836289809,3,"annual"
"139",1997,1.55986767164603,"Hecate Lowlands","Area 5-6",1995,10.7742589049869,0.807048281902395,3,"annual"
"140",1998,0.967524122956185,"Hecate Lowlands","Area 5-6",1996,10.7952850394779,0.828074416393354,3,"annual"
"141",1999,1.65283722765056,"Hecate Lowlands","Area 5-6",1997,9.54022630055746,-0.426984322527062,3,"annual"
"142",2000,2.08612204580262,"Hecate Lowlands","Area 5-6",1998,9.99440117677053,0.0271905536860039,3,"annual"
"143",2001,2.18671435233405,"Hecate Lowlands","Area 5-6",1999,9.5936930709415,-0.373517552143019,3,"annual"
"144",2002,1.73439181509122,"Hecate Lowlands","Area 5-6",2000,10.0522612333298,0.0850506102452464,3,"annual"
"145",2003,1.60810889391341,"Hecate Lowlands","Area 5-6",2001,10.6895693673028,0.722358744218264,3,"annual"
"146",2004,1.33458925882815,"Hecate Lowlands","Area 5-6",2002,10.6391631629732,0.671952539888667,3,"annual"
"147",2005,0.55068318411762,"Hecate Lowlands","Area 5-6",2003,10.7560988929537,0.788888269869138,3,"annual"
"148",2006,0.360102072738704,"Hecate Lowlands","Area 5-6",2004,10.122829662429,0.15561903934444,3,"annual"
"149",2007,0.823508136706678,"Hecate Lowlands","Area 5-6",2005,9.72513584295909,-0.242074780125434,3,"annual"
"150",2008,1.58341027262705,"Hecate Lowlands","Area 5-6",2006,9.153558505906,-0.813652117178526,3,"annual"
"151",2009,1.71469401486911,"Hecate Lowlands","Area 5-6",2007,9.48763532108731,-0.479575301997214,3,"annual"
"152",2010,1.57488515165702,"Hecate Lowlands","Area 5-6",2008,10.0921764903598,0.124965867275314,3,"annual"
"153",2011,1.14430006559602,"Hecate Lowlands","Area 5-6",2009,9.90435798962911,-0.0628526334554101,3,"annual"
"154",2012,0.936670001157505,"Hecate Lowlands","Area 5-6",2010,9.69139272636838,-0.275817896716146,3,"annual"
"155",2013,0.565992977346016,"Hecate Lowlands","Area 5-6",2011,10.2869033945931,0.319692771508613,3,"annual"
"156",2014,0.5912148109347,"Hecate Lowlands","Area 5-6",2012,10.8573223617342,0.89011173864966,3,"annual"
"157",2015,0.45442388338472,"Hecate Lowlands","Area 5-6",2013,11.3683166768816,1.40110605379706,3,"annual"
"158",2016,0.750882245666127,"Hecate Lowlands","Area 5-6",2014,11.235232591629,1.26802196854451,3,"annual"
"159",2017,-0.0309490016933845,"Hecate Lowlands","Area 5-6",2015,10.5440575281779,0.576846905093373,3,"annual"
"160",2018,0.131178729555086,"Hecate Lowlands","Area 5-6",2016,10.8991593784756,0.931948755391096,3,"annual"
"161",2019,-0.0750134893035784,"Hecate Lowlands","Area 5-6",2017,10.9234682851367,0.956257662052226,3,"annual"
"162",2020,0.560621159450936,"Hecate Lowlands","Area 5-6",2018,10.5133718649546,0.546161241870106,3,"annual"
"163",2021,0.521355114506885,"Hecate Lowlands","Area 5-6",2019,10.0602600309584,0.0930494078738647,3,"annual"
"164",2022,0.586348360610747,"Hecate Lowlands","Area 5-6",2020,10.2022550503413,0.235044427256758,3,"annual"
"165",1982,1.43594832061094,"Inner Waters","Area 6 - Inner",1980,9.6357547044754,-0.331455918609124,4,"annual"
"166",1983,1.50113224289735,"Inner Waters","Area 6 - Inner",1981,10.6142839590708,0.647073335986321,4,"annual"
"167",1984,1.43278676093937,"Inner Waters","Area 6 - Inner",1982,9.84393175443013,-0.123278868654389,4,"annual"
"168",1985,1.42174788315458,"Inner Waters","Area 6 - Inner",1983,9.40092649724748,-0.566284125837039,4,"annual"
"169",1986,0.865915790289444,"Inner Waters","Area 6 - Inner",1984,10.1168492502636,0.149638627179115,4,"annual"
"170",1987,0.994028473668237,"Inner Waters","Area 6 - Inner",1985,10.172080622779,0.204869999694473,4,"annual"
"171",1988,1.39577178267019,"Inner Waters","Area 6 - Inner",1986,9.85174889034696,-0.115461732737564,4,"annual"
"172",1989,1.26779271062189,"Inner Waters","Area 6 - Inner",1987,10.180287361145,0.213076738060495,4,"annual"
"173",1990,0.869747806534858,"Inner Waters","Area 6 - Inner",1988,10.2184251679315,0.251214544846931,4,"annual"
"174",1991,1.12861738182482,"Inner Waters","Area 6 - Inner",1989,9.9015709956487,-0.0656396274358183,4,"annual"
"175",1992,1.02433550508935,"Inner Waters","Area 6 - Inner",1990,10.4935845798916,0.526373956807116,4,"annual"
"176",1993,1.23594767269382,"Inner Waters","Area 6 - Inner",1991,10.469494316313,0.502283693228474,4,"annual"
"177",1994,0.0527803554086682,"Inner Waters","Area 6 - Inner",1992,10.5744867722193,0.607276149134816,4,"annual"
"178",1995,0.0774310480456624,"Inner Waters","Area 6 - Inner",1993,10.6099786493513,0.642768026266806,4,"annual"
"179",1996,0.183843658271011,"Inner Waters","Area 6 - Inner",1994,9.97689647144742,0.00968584836289809,4,"annual"
"180",1997,0.642251396363696,"Inner Waters","Area 6 - Inner",1995,10.7742589049869,0.807048281902395,4,"annual"
"181",1998,1.19163359193103,"Inner Waters","Area 6 - Inner",1996,10.7952850394779,0.828074416393354,4,"annual"
"182",1999,2.40899408014118,"Inner Waters","Area 6 - Inner",1997,9.54022630055746,-0.426984322527062,4,"annual"
"183",2000,2.08957363419552,"Inner Waters","Area 6 - Inner",1998,9.99440117677053,0.0271905536860039,4,"annual"
"184",2001,2.14882062317494,"Inner Waters","Area 6 - Inner",1999,9.5936930709415,-0.373517552143019,4,"annual"
"185",2002,1.65821759020645,"Inner Waters","Area 6 - Inner",2000,10.0522612333298,0.0850506102452464,4,"annual"
"186",2003,1.9223471444426,"Inner Waters","Area 6 - Inner",2001,10.6895693673028,0.722358744218264,4,"annual"
"187",2004,1.67242822834869,"Inner Waters","Area 6 - Inner",2002,10.6391631629732,0.671952539888667,4,"annual"
"188",2005,1.13436188504482,"Inner Waters","Area 6 - Inner",2003,10.7560988929537,0.788888269869138,4,"annual"
"189",2006,1.15229823956984,"Inner Waters","Area 6 - Inner",2004,10.122829662429,0.15561903934444,4,"annual"
"190",2007,1.56353227956936,"Inner Waters","Area 6 - Inner",2005,9.72513584295909,-0.242074780125434,4,"annual"
"191",2008,1.94523273298818,"Inner Waters","Area 6 - Inner",2006,9.153558505906,-0.813652117178526,4,"annual"
"192",2009,1.11092275046477,"Inner Waters","Area 6 - Inner",2007,9.48763532108731,-0.479575301997214,4,"annual"
"193",2010,1.3071067408892,"Inner Waters","Area 6 - Inner",2008,10.0921764903598,0.124965867275314,4,"annual"
"194",2011,1.47329892082948,"Inner Waters","Area 6 - Inner",2009,9.90435798962911,-0.0628526334554101,4,"annual"
"195",2012,1.47168207807256,"Inner Waters","Area 6 - Inner",2010,9.69139272636838,-0.275817896716146,4,"annual"
"196",2013,1.23288589492042,"Inner Waters","Area 6 - Inner",2011,10.2869033945931,0.319692771508613,4,"annual"
"197",2014,1.35387364593743,"Inner Waters","Area 6 - Inner",2012,10.8573223617342,0.89011173864966,4,"annual"
"198",2015,1.41250827581779,"Inner Waters","Area 6 - Inner",2013,11.3683166768816,1.40110605379706,4,"annual"
"199",2016,1.31556724441878,"Inner Waters","Area 6 - Inner",2014,11.235232591629,1.26802196854451,4,"annual"
"200",2017,0.597598037408608,"Inner Waters","Area 6 - Inner",2015,10.5440575281779,0.576846905093373,4,"annual"
"201",2018,0.693849374178613,"Inner Waters","Area 6 - Inner",2016,10.8991593784756,0.931948755391096,4,"annual"
"202",2019,0.933039392151262,"Inner Waters","Area 6 - Inner",2017,10.9234682851367,0.956257662052226,4,"annual"
"203",2020,1.44743862710638,"Inner Waters","Area 6 - Inner",2018,10.5133718649546,0.546161241870106,4,"annual"
"204",2021,1.38879848981599,"Inner Waters","Area 6 - Inner",2019,10.0602600309584,0.0930494078738647,4,"annual"
"205",2022,1.49329282030101,"Inner Waters","Area 6 - Inner",2020,10.2022550503413,0.235044427256758,4,"annual"
"206",1982,1.76054889983587,"Central Coast (South)","Area 7-10",1980,9.82768221696217,-0.339761876343384,1,"annual"
"207",1983,1.68087056929957,"Central Coast (South)","Area 7-10",1981,10.7995760242144,0.632131930908873,1,"annual"
"208",1984,0.722601534712233,"Central Coast (South)","Area 7-10",1982,9.9968360265096,-0.170608066795957,1,"annual"
"209",1985,0.587735682875093,"Central Coast (South)","Area 7-10",1983,9.61190541585286,-0.555538677452697,1,"annual"
"210",1986,0.749574645511635,"Central Coast (South)","Area 7-10",1984,10.3081560532252,0.140711959919638,1,"annual"
"211",1987,0.67395656594201,"Central Coast (South)","Area 7-10",1985,10.3636359373728,0.196191844067286,1,"annual"
"212",1988,1.99831032639795,"Central Coast (South)","Area 7-10",1986,10.0255034764608,-0.141940616844775,1,"annual"
"213",1989,1.93143036511558,"Central Coast (South)","Area 7-10",1987,10.3907924691836,0.223348375878042,1,"annual"
"214",1990,1.56633981387346,"Central Coast (South)","Area 7-10",1988,10.4215830961863,0.254139002880769,1,"annual"
"215",1991,1.35835533071627,"Central Coast (South)","Area 7-10",1989,10.1216775973638,-0.0457664959417652,1,"annual"
"216",1992,1.25347667752632,"Central Coast (South)","Area 7-10",1990,10.7352381149928,0.567794021687231,1,"annual"
"217",1993,1.46513424124895,"Central Coast (South)","Area 7-10",1991,10.6706047654152,0.503160672109629,1,"annual"
"218",1994,0.871058449373781,"Central Coast (South)","Area 7-10",1992,10.8067722121874,0.639328118881889,1,"annual"
"219",1995,0.871670428867161,"Central Coast (South)","Area 7-10",1993,10.8531896670659,0.685745573760378,1,"annual"
"220",1996,0.741271263846007,"Central Coast (South)","Area 7-10",1994,10.2006061474482,0.0331620541426727,1,"annual"
"221",1997,1.11602112454593,"Central Coast (South)","Area 7-10",1995,10.9930843313535,0.825640238047951,1,"annual"
"222",1998,0.739321611490017,"Central Coast (South)","Area 7-10",1996,11.0283081531525,0.86086405984691,1,"annual"
"223",1999,1.47717223745949,"Central Coast (South)","Area 7-10",1997,9.72763061523439,-0.43981347807117,1,"annual"
"224",2000,1.4639121213323,"Central Coast (South)","Area 7-10",1998,10.2222069501877,0.0547628568821213,1,"annual"
"225",2001,1.63453320044601,"Central Coast (South)","Area 7-10",1999,9.80707826217016,-0.360365831135399,1,"annual"
"226",2002,1.54659849073837,"Central Coast (South)","Area 7-10",2000,10.2480005025864,0.0805564092808041,1,"annual"
"227",2003,1.69314329829528,"Central Coast (South)","Area 7-10",2001,10.8939975102742,0.726553416968692,1,"annual"
"228",2004,1.09079964224364,"Central Coast (South)","Area 7-10",2002,10.8541009624799,0.686656869174348,1,"annual"
"229",2005,0.541162058939833,"Central Coast (South)","Area 7-10",2003,10.9430053830147,0.775561289709125,1,"annual"
"230",2006,0.301605621704389,"Central Coast (South)","Area 7-10",2004,10.316890557607,0.149446464301459,1,"annual"
"231",2007,0.873739762307321,"Central Coast (South)","Area 7-10",2005,9.92755464712779,-0.23988944617777,1,"annual"
"232",2008,1.41875080156303,"Central Coast (South)","Area 7-10",2006,9.30696191390355,-0.860482179402002,1,"annual"
"233",2009,1.38983303744582,"Central Coast (South)","Area 7-10",2007,9.66311770677567,-0.504326386529892,1,"annual"
"234",2010,1.77415537310632,"Central Coast (South)","Area 7-10",2008,10.2740467389425,0.106602645636908,1,"annual"
"235",2011,1.01468240157171,"Central Coast (South)","Area 7-10",2009,10.083792189757,-0.0836519035485264,1,"annual"
"236",2012,1.44351089924339,"Central Coast (South)","Area 7-10",2010,9.88447119792303,-0.282972895382531,1,"annual"
"237",2013,1.0498524951766,"Central Coast (South)","Area 7-10",2011,10.4954642852147,0.328020191909183,1,"annual"
"238",2014,1.33363697810206,"Central Coast (South)","Area 7-10",2012,11.0498123764992,0.882368283193629,1,"annual"
"239",2015,0.514625100165109,"Central Coast (South)","Area 7-10",2013,11.6123818159103,1.44493772260479,1,"annual"
"240",2016,1.74882948652118,"Central Coast (South)","Area 7-10",2014,11.4353135029475,1.26786940964194,1,"annual"
"241",2017,0.267524247793283,"Central Coast (South)","Area 7-10",2015,10.7183764775594,0.550932384253847,1,"annual"
"242",2018,1.62415416545763,"Central Coast (South)","Area 7-10",2016,11.0757069587708,0.908262865465203,1,"annual"
"243",2019,0.411991049671643,"Central Coast (South)","Area 7-10",2017,11.1091354091962,0.941691315890657,1,"annual"
"244",2020,1.4781057091046,"Central Coast (South)","Area 7-10",2018,10.7105088631312,0.543064769825648,1,"annual"
"245",2021,0.976982743413274,"Central Coast (South)","Area 7-10",2019,10.2599635322889,0.0925194389833132,1,"annual"
"246",2022,1.26971778205737,"Central Coast (South)","Area 7-10",2020,10.360297481219,0.192853387913411,1,"annual"
"247",2023,NA,"Central Coast (South)",NA,NA,10.7330605983734,0.565616505067847,1,"annual"
"248",2024,NA,"Central Coast (South)",NA,NA,10.9524821837743,0.785038090468756,1,"annual"
"249",2023,NA,"Haida Gwaii",NA,NA,10.1952692190806,0.565622123473329,2,"annual"
"250",2024,NA,"Haida Gwaii",NA,NA,10.3442775805791,0.714630484971842,2,"annual"
"251",2023,NA,"Hecate Lowlands",NA,NA,10.5295096635818,0.562299040497324,3,"annual"
"252",2024,NA,"Hecate Lowlands",NA,NA,10.7428302499983,0.775619626913778,3,"annual"
"253",2023,NA,"Inner Waters",NA,NA,10.5295096635818,0.562299040497324,4,"annual"
"254",2024,NA,"Inner Waters",NA,NA,10.7428302499983,0.775619626913778,4,"annual"
"255",2023,NA,"Nass",NA,NA,9.84286121527354,0.53848917888162,5,"annual"
"256",2024,NA,"Nass",NA,NA,9.99122562673356,0.686853590341642,5,"annual"
"257",2023,NA,"Skeena",NA,NA,10.0190892418226,0.552120291144474,6,"annual"
"258",2024,NA,"Skeena",NA,NA,10.1856859723727,0.718717021694596,6,"annual"
"259",1982,1.07274629588857,"Haida Gwaii","Area 2E",1980,11.2576756095886,-0.586802420694326,2,"summer"
"260",1983,1.15004982657086,"Haida Gwaii","Area 2E",1981,12.5872502136231,0.742772183340117,2,"summer"
"261",1984,1.13419128633539,"Haida Gwaii","Area 2E",1982,11.5727185821533,-0.271759448129621,2,"summer"
"262",1985,1.07548963890031,"Haida Gwaii","Area 2E",1983,11.203282585144,-0.641195445138899,2,"summer"
"263",1986,0.99414225560887,"Haida Gwaii","Area 2E",1984,11.7425025177002,-0.101975512582745,2,"summer"
"264",1987,0.991730761085387,"Haida Gwaii","Area 2E",1985,11.41380443573,-0.430673594552958,2,"summer"
"265",1988,0.824145401611245,"Haida Gwaii","Area 2E",1986,11.3512998580933,-0.493178172189675,2,"summer"
"266",1989,0.793070662535185,"Haida Gwaii","Area 2E",1987,12.3981578445435,0.553679814260514,2,"summer"
"267",1990,0.951771642789767,"Haida Gwaii","Area 2E",1988,12.6679893112183,0.823511280935314,2,"summer"
"268",1991,1.19465507871207,"Haida Gwaii","Area 2E",1989,11.654155330658,-0.190322699624979,2,"summer"
"269",1992,1.24287505151251,"Haida Gwaii","Area 2E",1990,12.0706943511963,0.226216320913353,2,"summer"
"270",1993,1.24852902386404,"Haida Gwaii","Area 2E",1991,12.6237255477905,0.779247517507577,2,"summer"
"271",1994,1.00948599498877,"Haida Gwaii","Area 2E",1992,12.7579671478271,0.913489117544206,2,"summer"
"272",1995,0.965283767990098,"Haida Gwaii","Area 2E",1993,12.5769443893433,0.732466359060311,2,"summer"
"273",1996,1.03436817977017,"Haida Gwaii","Area 2E",1994,11.8338684082031,-0.0106096220798228,2,"summer"
"274",1997,1.32710972367288,"Haida Gwaii","Area 2E",1995,13.0534467315674,1.20896870128444,2,"summer"
"275",1998,1.26692450136089,"Haida Gwaii","Area 2E",1996,12.2714696121216,0.42699158183864,2,"summer"
"276",1999,1.40440514336209,"Haida Gwaii","Area 2E",1997,10.9642935562134,-0.880184474069567,2,"summer"
"277",2000,1.54103167529024,"Haida Gwaii","Area 2E",1998,11.739924736023,-0.104553294259992,2,"summer"
"278",2001,1.60453833708586,"Haida Gwaii","Area 2E",1999,11.1445591163635,-0.699918913919414,2,"summer"
"279",2002,1.62060604995042,"Haida Gwaii","Area 2E",2000,11.8471174621582,0.00263943187525532,2,"summer"
"280",2003,1.74313328349823,"Haida Gwaii","Area 2E",2001,12.5518466186523,0.707368588369402,2,"summer"
"281",2004,1.68379153423849,"Haida Gwaii","Area 2E",2002,13.175225944519,1.33074791423609,2,"summer"
"282",2005,1.43066656165149,"Haida Gwaii","Area 2E",2003,13.2108283996582,1.36635036937526,2,"summer"
"283",2006,1.31366590935023,"Haida Gwaii","Area 2E",2004,12.0175177383423,0.173039708059352,2,"summer"
"284",2007,1.32789438324509,"Haida Gwaii","Area 2E",2005,11.8459813308716,0.00150330058864312,2,"summer"
"285",2008,1.55863858049998,"Haida Gwaii","Area 2E",2006,10.9076977920532,-0.936780238229728,2,"summer"
"286",2009,1.44201358167443,"Haida Gwaii","Area 2E",2007,11.6208988571167,-0.223579173166242,2,"summer"
"287",2010,1.34617745615041,"Haida Gwaii","Area 2E",2008,11.6361847305298,-0.208293299753168,2,"summer"
"288",2011,1.27761488998484,"Haida Gwaii","Area 2E",2009,11.9568592834473,0.11238125316433,2,"summer"
"289",2012,1.34871918244888,"Haida Gwaii","Area 2E",2010,11.3763053512573,-0.468172679025621,2,"summer"
"290",2013,1.30377381072581,"Haida Gwaii","Area 2E",2011,12.7313059616089,0.88682793132595,2,"summer"
"291",2014,1.17277272374469,"Haida Gwaii","Area 2E",2012,13.0860720825195,1.24159405223659,2,"summer"
"292",2015,0.880840018907665,"Haida Gwaii","Area 2E",2013,13.2787923049927,1.43431427470973,2,"summer"
"293",2016,0.807824403632786,"Haida Gwaii","Area 2E",2014,13.0150833129883,1.17060528270535,2,"summer"
"294",2017,0.506661796551465,"Haida Gwaii","Area 2E",2015,12.5700492095947,0.725571179311781,2,"summer"
"295",2018,0.308944834166309,"Haida Gwaii","Area 2E",2016,13.0234424209595,1.17896439067654,2,"summer"
"296",2019,0.346835149126693,"Haida Gwaii","Area 2E",2017,13.4204164505005,1.57593842021754,2,"summer"
"297",2020,0.513924390694761,"Haida Gwaii","Area 2E",2018,12.6820994567871,0.837621426504167,2,"summer"
"298",2021,0.476807163110916,"Haida Gwaii","Area 2E",2019,12.288846321106,0.444368290823012,2,"summer"
"299",2022,0.491169323603342,"Haida Gwaii","Area 2E",2020,12.5945513916016,0.750073361318614,2,"summer"
"300",1982,1.71009585091683,"Nass","Area 3",1980,10.9432665506999,-0.597647734678508,5,"summer"
"301",1983,1.86929955853168,"Nass","Area 3",1981,12.3342465718587,0.793332286480346,5,"summer"
"302",1984,2.27038594226431,"Nass","Area 3",1982,11.4280394236247,-0.112874861753694,5,"summer"
"303",1985,2.15472269295266,"Nass","Area 3",1983,10.8360769271851,-0.704837358193315,5,"summer"
"304",1986,1.58517281706309,"Nass","Area 3",1984,11.4077519734701,-0.13316231190832,5,"summer"
"305",1987,1.42370896514223,"Nass","Area 3",1985,11.1049887975057,-0.435925487872684,5,"summer"
"306",1988,1.87243719734708,"Nass","Area 3",1986,11.1669645945231,-0.373949690855264,5,"summer"
"307",1989,1.95054578867055,"Nass","Area 3",1987,12.0977533340454,0.556839048667037,5,"summer"
"308",1990,1.96818078823252,"Nass","Area 3",1988,12.3583452224731,0.817430937094767,5,"summer"
"309",1991,2.19438515974116,"Nass","Area 3",1989,11.2485059738159,-0.292408311562462,5,"summer"
"310",1992,2.53087230856768,"Nass","Area 3",1990,11.609977722168,0.0690634367895906,5,"summer"
"311",1993,3.0715966931249,"Nass","Area 3",1991,12.2922578811645,0.751343595786161,5,"summer"
"312",1994,1.96097499012458,"Nass","Area 3",1992,12.4213268915812,0.880412606202834,5,"summer"
"313",1995,1.73174164144272,"Nass","Area 3",1993,12.2091916402181,0.668277354839713,5,"summer"
"314",1996,1.29936285302297,"Nass","Area 3",1994,11.5066900253296,-0.0342242600487856,5,"summer"
"315",1997,1.60298759355293,"Nass","Area 3",1995,12.7260932922363,1.18517900685795,5,"summer"
"316",1998,1.69290545684137,"Nass","Area 3",1996,11.929571723938,0.388657438559608,5,"summer"
"317",1999,2.31799978137215,"Nass","Area 3",1997,10.744317817688,-0.796596467690391,5,"summer"
"318",2000,2.13462639397665,"Nass","Area 3",1998,11.3978203455607,-0.143093939817668,5,"summer"
"319",2001,2.06150447004938,"Nass","Area 3",1999,10.8978165308635,-0.643097754514928,5,"summer"
"320",2002,1.99103672537287,"Nass","Area 3",2000,11.4439050674438,-0.0970092179345318,5,"summer"
"321",2003,2.10636598579416,"Nass","Area 3",2001,12.284322420756,0.743408135377647,5,"summer"
"322",2004,2.13231201838546,"Nass","Area 3",2002,12.8508722941081,1.30995800872969,5,"summer"
"323",2005,1.75856226479229,"Nass","Area 3",2003,12.9547140757243,1.41379979034589,5,"summer"
"324",2006,1.72068249883774,"Nass","Area 3",2004,11.7346431732178,0.193728887839399,5,"summer"
"325",2007,1.95735815406164,"Nass","Area 3",2005,11.5923943837484,0.051480098370001,5,"summer"
"326",2008,2.23715909164174,"Nass","Area 3",2006,10.7462253888448,-0.794688896533581,5,"summer"
"327",2009,1.75907104935015,"Nass","Area 3",2007,11.3284944534302,-0.212419831948205,5,"summer"
"328",2010,1.85439358900867,"Nass","Area 3",2008,11.3774844487508,-0.163429836627566,5,"summer"
"329",2011,2.35459503287054,"Nass","Area 3",2009,11.7559471766154,0.215032891237011,5,"summer"
"330",2012,2.51203110386304,"Nass","Area 3",2010,11.1492333730062,-0.391680912372196,5,"summer"
"331",2013,2.60359004078803,"Nass","Area 3",2011,12.3664501190186,0.825535833640181,5,"summer"
"332",2014,2.44025571246209,"Nass","Area 3",2012,12.7126139322917,1.17169964691329,5,"summer"
"333",2015,2.53299745299129,"Nass","Area 3",2013,12.83796043396,1.29704614858158,5,"summer"
"334",2016,2.39128326443367,"Nass","Area 3",2014,12.6661003748576,1.12518608947921,5,"summer"
"335",2017,1.77902089145278,"Nass","Area 3",2015,12.3096829732259,0.768768687847546,5,"summer"
"336",2018,1.74734984695875,"Nass","Area 3",2016,12.7138304392497,1.17291615387131,5,"summer"
"337",2019,2.04376506536566,"Nass","Area 3",2017,13.0675257364909,1.5266114511125,5,"summer"
"338",2020,2.4590102030241,"Nass","Area 3",2018,12.3408760070801,0.799961721701704,5,"summer"
"339",2021,2.58888052424947,"Nass","Area 3",2019,11.9480021158854,0.40708783050703,5,"summer"
"340",2022,2.66547912264567,"Nass","Area 3",2020,12.3904839197795,0.849569634401076,5,"summer"
"341",1982,1.39975299809612,"Skeena","Area 4",1980,11.1496678352356,-0.578018399535631,6,"summer"
"342",1983,1.55397822540017,"Skeena","Area 4",1981,12.4959471702576,0.768260935486342,6,"summer"
"343",1984,1.67275729821646,"Skeena","Area 4",1982,11.5180107116699,-0.209675523101296,6,"summer"
"344",1985,1.60483697328157,"Skeena","Area 4",1983,11.0654412269592,-0.662245007811992,6,"summer"
"345",1986,1.31668588568676,"Skeena","Area 4",1984,11.6383527755737,-0.089333459197483,6,"summer"
"346",1987,0.996958780936108,"Skeena","Area 4",1985,11.3085547447205,-0.419131490050771,6,"summer"
"347",1988,1.71635292563605,"Skeena","Area 4",1986,11.2927135467529,-0.434972688018288,6,"summer"
"348",1989,2.00973910917231,"Skeena","Area 4",1987,12.2802691459656,0.552582911194356,6,"summer"
"349",1990,2.03793685709343,"Skeena","Area 4",1988,12.5739716529846,0.846285418213386,6,"summer"
"350",1991,1.86720056723289,"Skeena","Area 4",1989,11.4876351356506,-0.240051099120589,6,"summer"
"351",1992,1.66327974589419,"Skeena","Area 4",1990,11.8702443122864,0.142558077515154,6,"summer"
"352",1993,1.75183982837231,"Skeena","Area 4",1991,12.5087860107422,0.781099775970949,6,"summer"
"353",1994,0.942098127402062,"Skeena","Area 4",1992,12.6408909797668,0.913204744995616,6,"summer"
"354",1995,1.07360666140913,"Skeena","Area 4",1993,12.4573678016663,0.729681566895022,6,"summer"
"355",1996,0.77705023102752,"Skeena","Area 4",1994,11.7020631790161,-0.0256230557551257,6,"summer"
"356",1997,1.34043201048562,"Skeena","Area 4",1995,12.9095184326172,1.18183219784597,6,"summer"
"357",1998,1.36126479418457,"Skeena","Area 4",1996,12.1455125808716,0.417826346100355,6,"summer"
"358",1999,1.89547216181588,"Skeena","Area 4",1997,10.9089517593384,-0.818734475432859,6,"summer"
"359",2000,1.31786218566989,"Skeena","Area 4",1998,11.6052105903626,-0.122475644408674,6,"summer"
"360",2001,1.17320045874599,"Skeena","Area 4",1999,11.0390084266663,-0.688677808104963,6,"summer"
"361",2002,1.25299348897631,"Skeena","Area 4",2000,11.6500703811646,-0.0776158536066802,6,"summer"
"362",2003,1.35833843358098,"Skeena","Area 4",2001,12.4644340515137,0.736747816742442,6,"summer"
"363",2004,1.34236413270419,"Skeena","Area 4",2002,13.0441864013672,1.31650016659596,6,"summer"
"364",2005,1.13792265608723,"Skeena","Area 4",2003,13.1127909660339,1.3851047312627,6,"summer"
"365",2006,1.10879588553119,"Skeena","Area 4",2004,11.9309027671814,0.203216532410168,6,"summer"
"366",2007,1.34729874053548,"Skeena","Area 4",2005,11.7639577865601,0.036271551788829,6,"summer"
"367",2008,1.80926857614647,"Skeena","Area 4",2006,10.8785803794861,-0.849105855285162,6,"summer"
"368",2009,1.6119636543006,"Skeena","Area 4",2007,11.4921147346497,-0.235571500121568,6,"summer"
"369",2010,1.48202801086967,"Skeena","Area 4",2008,11.538201713562,-0.189484521209222,6,"summer"
"370",2011,1.4028054628362,"Skeena","Area 4",2009,11.9206718444824,0.192985609711194,6,"summer"
"371",2012,1.58704581347901,"Skeena","Area 4",2010,11.3312084197998,-0.396477814971422,6,"summer"
"372",2013,1.5720535384326,"Skeena","Area 4",2011,12.5833730697632,0.855686834991965,6,"summer"
"373",2014,1.32107058393056,"Skeena","Area 4",2012,12.9061990737915,1.17851283902028,6,"summer"
"374",2015,1.18255821550504,"Skeena","Area 4",2013,13.0651832580566,1.3374970232854,6,"summer"
"375",2016,1.10217073004367,"Skeena","Area 4",2014,12.8419659614563,1.11427972668508,6,"summer"
"376",2017,0.272045363930588,"Skeena","Area 4",2015,12.4887288093567,0.761042574585467,6,"summer"
"377",2018,0.496914461690124,"Skeena","Area 4",2016,12.8998685836792,1.17218234890798,6,"summer"
"378",2019,0.759261135909551,"Skeena","Area 4",2017,13.2471190452576,1.51943281048633,6,"summer"
"379",2020,1.54423180665977,"Skeena","Area 4",2018,12.52132396698,0.793637732208758,6,"summer"
"380",2021,1.82519723551087,"Skeena","Area 4",2019,12.1465620040893,0.418875769318116,6,"summer"
"381",2022,1.93788648269494,"Skeena","Area 4",2020,12.5247774124145,0.797091177643309,6,"summer"
"382",1982,1.40807602269344,"Hecate Lowlands","Area 5-6",1980,11.6710450490316,-0.557288801474656,3,"summer"
"383",1983,1.50675984021061,"Hecate Lowlands","Area 5-6",1981,12.9718877792358,0.743553928729615,3,"summer"
"384",1984,1.46101241986773,"Hecate Lowlands","Area 5-6",1982,11.820113436381,-0.408220414125205,3,"summer"
"385",1985,1.3350354565193,"Hecate Lowlands","Area 5-6",1983,11.6546178817749,-0.573715968731325,3,"summer"
"386",1986,0.906394945143337,"Hecate Lowlands","Area 5-6",1984,12.1243911743164,-0.103942676189816,3,"summer"
"387",1987,1.05483612319412,"Hecate Lowlands","Area 5-6",1985,11.8193738937378,-0.408959956768439,3,"summer"
"388",1988,1.4256867955836,"Hecate Lowlands","Area 5-6",1986,11.7434626261393,-0.484871224366887,3,"summer"
"389",1989,1.27319262512524,"Hecate Lowlands","Area 5-6",1987,12.8791819254557,0.650848074949496,3,"summer"
"390",1990,1.30211024434782,"Hecate Lowlands","Area 5-6",1988,13.152632967631,0.924299117124803,3,"summer"
"391",1991,1.54087182586371,"Hecate Lowlands","Area 5-6",1989,12.08435643514,-0.143977415366248,3,"summer"
"392",1992,1.42601729082848,"Hecate Lowlands","Area 5-6",1990,12.5291519165039,0.300818065997695,3,"summer"
"393",1993,1.62904265151043,"Hecate Lowlands","Area 5-6",1991,13.0431232452392,0.814789394733016,3,"summer"
"394",1994,0.956144991766893,"Hecate Lowlands","Area 5-6",1992,13.2153051376343,0.98697128712805,3,"summer"
"395",1995,1.01449786117632,"Hecate Lowlands","Area 5-6",1993,13.1525777816772,0.924243931171015,3,"summer"
"396",1996,1.07924818499385,"Hecate Lowlands","Area 5-6",1994,12.1786926905314,-0.0496411599748081,3,"summer"
"397",1997,1.55986767164603,"Hecate Lowlands","Area 5-6",1995,13.4536967595418,1.22536290903561,3,"summer"
"398",1998,0.967524122956185,"Hecate Lowlands","Area 5-6",1996,12.7670510609945,0.538717210488242,3,"summer"
"399",1999,1.65283722765056,"Hecate Lowlands","Area 5-6",1997,11.4287040710449,-0.799629779461297,3,"summer"
"400",2000,2.08612204580262,"Hecate Lowlands","Area 5-6",1998,12.2267384847005,-0.00159536580570974,3,"summer"
"401",2001,2.18671435233405,"Hecate Lowlands","Area 5-6",1999,11.5584022521973,-0.669931598308955,3,"summer"
"402",2002,1.73439181509122,"Hecate Lowlands","Area 5-6",2000,12.132142829895,-0.0961910206112099,3,"summer"
"403",2003,1.60810889391341,"Hecate Lowlands","Area 5-6",2001,12.9835753758748,0.755241525368609,3,"summer"
"404",2004,1.33458925882815,"Hecate Lowlands","Area 5-6",2002,13.5400992711385,1.31176542063228,3,"summer"
"405",2005,0.55068318411762,"Hecate Lowlands","Area 5-6",2003,13.4785331726074,1.2501993221012,3,"summer"
"406",2006,0.360102072738704,"Hecate Lowlands","Area 5-6",2004,12.4107947031657,0.182460852659465,3,"summer"
"407",2007,0.823508136706678,"Hecate Lowlands","Area 5-6",2005,12.2592617670695,0.030927916563275,3,"summer"
"408",2008,1.58341027262705,"Hecate Lowlands","Area 5-6",2006,11.2526892344157,-0.975644616090542,3,"summer"
"409",2009,1.71469401486911,"Hecate Lowlands","Area 5-6",2007,11.9397573471069,-0.28857650339929,3,"summer"
"410",2010,1.57488515165702,"Hecate Lowlands","Area 5-6",2008,11.9733908971151,-0.254942953391154,3,"summer"
"411",2011,1.14430006559602,"Hecate Lowlands","Area 5-6",2009,12.4097863515218,0.181452501015592,3,"summer"
"412",2012,0.936670001157505,"Hecate Lowlands","Area 5-6",2010,11.889284324646,-0.33904952586023,3,"summer"
"413",2013,0.565992977346016,"Hecate Lowlands","Area 5-6",2011,13.1413592656453,0.913025415139119,3,"summer"
"414",2014,0.5912148109347,"Hecate Lowlands","Area 5-6",2012,13.2902287801107,1.06189492960446,3,"summer"
"415",2015,0.45442388338472,"Hecate Lowlands","Area 5-6",2013,13.6191865921021,1.39085274159584,3,"summer"
"416",2016,0.750882245666127,"Hecate Lowlands","Area 5-6",2014,13.3211612701416,1.09282741963539,3,"summer"
"417",2017,-0.0309490016933845,"Hecate Lowlands","Area 5-6",2015,12.9522396723429,0.723905821836711,3,"summer"
"418",2018,0.131178729555086,"Hecate Lowlands","Area 5-6",2016,13.3774581273397,1.14912427683346,3,"summer"
"419",2019,-0.0750134893035784,"Hecate Lowlands","Area 5-6",2017,13.68225440979,1.4539205592838,3,"summer"
"420",2020,0.560621159450936,"Hecate Lowlands","Area 5-6",2018,12.9986664454142,0.770332594907996,3,"summer"
"421",2021,0.521355114506885,"Hecate Lowlands","Area 5-6",2019,12.644223912557,0.415890062050734,3,"summer"
"422",2022,0.586348360610747,"Hecate Lowlands","Area 5-6",2020,12.8893822987874,0.661048448281198,3,"summer"
"423",1982,1.43594832061094,"Inner Waters","Area 6 - Inner",1980,11.6710450490316,-0.557288801474656,4,"summer"
"424",1983,1.50113224289735,"Inner Waters","Area 6 - Inner",1981,12.9718877792358,0.743553928729615,4,"summer"
"425",1984,1.43278676093937,"Inner Waters","Area 6 - Inner",1982,11.820113436381,-0.408220414125205,4,"summer"
"426",1985,1.42174788315458,"Inner Waters","Area 6 - Inner",1983,11.6546178817749,-0.573715968731325,4,"summer"
"427",1986,0.865915790289444,"Inner Waters","Area 6 - Inner",1984,12.1243911743164,-0.103942676189816,4,"summer"
"428",1987,0.994028473668237,"Inner Waters","Area 6 - Inner",1985,11.8193738937378,-0.408959956768439,4,"summer"
"429",1988,1.39577178267019,"Inner Waters","Area 6 - Inner",1986,11.7434626261393,-0.484871224366887,4,"summer"
"430",1989,1.26779271062189,"Inner Waters","Area 6 - Inner",1987,12.8791819254557,0.650848074949496,4,"summer"
"431",1990,0.869747806534858,"Inner Waters","Area 6 - Inner",1988,13.152632967631,0.924299117124803,4,"summer"
"432",1991,1.12861738182482,"Inner Waters","Area 6 - Inner",1989,12.08435643514,-0.143977415366248,4,"summer"
"433",1992,1.02433550508935,"Inner Waters","Area 6 - Inner",1990,12.5291519165039,0.300818065997695,4,"summer"
"434",1993,1.23594767269382,"Inner Waters","Area 6 - Inner",1991,13.0431232452392,0.814789394733016,4,"summer"
"435",1994,0.0527803554086682,"Inner Waters","Area 6 - Inner",1992,13.2153051376343,0.98697128712805,4,"summer"
"436",1995,0.0774310480456624,"Inner Waters","Area 6 - Inner",1993,13.1525777816772,0.924243931171015,4,"summer"
"437",1996,0.183843658271011,"Inner Waters","Area 6 - Inner",1994,12.1786926905314,-0.0496411599748081,4,"summer"
"438",1997,0.642251396363696,"Inner Waters","Area 6 - Inner",1995,13.4536967595418,1.22536290903561,4,"summer"
"439",1998,1.19163359193103,"Inner Waters","Area 6 - Inner",1996,12.7670510609945,0.538717210488242,4,"summer"
"440",1999,2.40899408014118,"Inner Waters","Area 6 - Inner",1997,11.4287040710449,-0.799629779461297,4,"summer"
"441",2000,2.08957363419552,"Inner Waters","Area 6 - Inner",1998,12.2267384847005,-0.00159536580570974,4,"summer"
"442",2001,2.14882062317494,"Inner Waters","Area 6 - Inner",1999,11.5584022521973,-0.669931598308955,4,"summer"
"443",2002,1.65821759020645,"Inner Waters","Area 6 - Inner",2000,12.132142829895,-0.0961910206112099,4,"summer"
"444",2003,1.9223471444426,"Inner Waters","Area 6 - Inner",2001,12.9835753758748,0.755241525368609,4,"summer"
"445",2004,1.67242822834869,"Inner Waters","Area 6 - Inner",2002,13.5400992711385,1.31176542063228,4,"summer"
"446",2005,1.13436188504482,"Inner Waters","Area 6 - Inner",2003,13.4785331726074,1.2501993221012,4,"summer"
"447",2006,1.15229823956984,"Inner Waters","Area 6 - Inner",2004,12.4107947031657,0.182460852659465,4,"summer"
"448",2007,1.56353227956936,"Inner Waters","Area 6 - Inner",2005,12.2592617670695,0.030927916563275,4,"summer"
"449",2008,1.94523273298818,"Inner Waters","Area 6 - Inner",2006,11.2526892344157,-0.975644616090542,4,"summer"
"450",2009,1.11092275046477,"Inner Waters","Area 6 - Inner",2007,11.9397573471069,-0.28857650339929,4,"summer"
"451",2010,1.3071067408892,"Inner Waters","Area 6 - Inner",2008,11.9733908971151,-0.254942953391154,4,"summer"
"452",2011,1.47329892082948,"Inner Waters","Area 6 - Inner",2009,12.4097863515218,0.181452501015592,4,"summer"
"453",2012,1.47168207807256,"Inner Waters","Area 6 - Inner",2010,11.889284324646,-0.33904952586023,4,"summer"
"454",2013,1.23288589492042,"Inner Waters","Area 6 - Inner",2011,13.1413592656453,0.913025415139119,4,"summer"
"455",2014,1.35387364593743,"Inner Waters","Area 6 - Inner",2012,13.2902287801107,1.06189492960446,4,"summer"
"456",2015,1.41250827581779,"Inner Waters","Area 6 - Inner",2013,13.6191865921021,1.39085274159584,4,"summer"
"457",2016,1.31556724441878,"Inner Waters","Area 6 - Inner",2014,13.3211612701416,1.09282741963539,4,"summer"
"458",2017,0.597598037408608,"Inner Waters","Area 6 - Inner",2015,12.9522396723429,0.723905821836711,4,"summer"
"459",2018,0.693849374178613,"Inner Waters","Area 6 - Inner",2016,13.3774581273397,1.14912427683346,4,"summer"
"460",2019,0.933039392151262,"Inner Waters","Area 6 - Inner",2017,13.68225440979,1.4539205592838,4,"summer"
"461",2020,1.44743862710638,"Inner Waters","Area 6 - Inner",2018,12.9986664454142,0.770332594907996,4,"summer"
"462",2021,1.38879848981599,"Inner Waters","Area 6 - Inner",2019,12.644223912557,0.415890062050734,4,"summer"
"463",2022,1.49329282030101,"Inner Waters","Area 6 - Inner",2020,12.8893822987874,0.661048448281198,4,"summer"
"464",1982,1.76054889983587,"Central Coast (South)","Area 7-10",1980,11.8507719039917,-0.556051826477059,1,"summer"
"465",1983,1.68087056929957,"Central Coast (South)","Area 7-10",1981,13.1379605293274,0.731136798858641,1,"summer"
"466",1984,0.722601534712233,"Central Coast (South)","Area 7-10",1982,11.9326726913452,-0.47415103912354,1,"summer"
"467",1985,0.587735682875093,"Central Coast (South)","Area 7-10",1983,11.8623950958252,-0.544428634643566,1,"summer"
"468",1986,0.749574645511635,"Central Coast (South)","Area 7-10",1984,12.2873891830444,-0.119434547424314,1,"summer"
"469",1987,0.67395656594201,"Central Coast (South)","Area 7-10",1985,11.9993880271912,-0.407435703277587,1,"summer"
"470",1988,1.99831032639795,"Central Coast (South)","Area 7-10",1986,11.8986358642578,-0.508187866210922,1,"summer"
"471",1989,1.93143036511558,"Central Coast (South)","Area 7-10",1987,13.0888230323791,0.681999301910381,1,"summer"
"472",1990,1.56633981387346,"Central Coast (South)","Area 7-10",1988,13.3422887802124,0.935465049743663,1,"summer"
"473",1991,1.35835533071627,"Central Coast (South)","Area 7-10",1989,12.297029209137,-0.109794521331785,1,"summer"
"474",1992,1.25347667752632,"Central Coast (South)","Area 7-10",1990,12.7770593643189,0.370235633850111,1,"summer"
"475",1993,1.46513424124895,"Central Coast (South)","Area 7-10",1991,13.2299805641174,0.823156833648671,1,"summer"
"476",1994,0.871058449373781,"Central Coast (South)","Area 7-10",1992,13.4123226165771,1.00549888610839,1,"summer"
"477",1995,0.871670428867161,"Central Coast (South)","Area 7-10",1993,13.3880555152893,0.981231784820551,1,"summer"
"478",1996,0.741271263846007,"Central Coast (South)","Area 7-10",1994,12.3516668319702,-0.0551568984985232,1,"summer"
"479",1997,1.11602112454593,"Central Coast (South)","Area 7-10",1995,13.6593863487244,1.25256261825562,1,"summer"
"480",1998,0.739321611490017,"Central Coast (South)","Area 7-10",1996,12.9918581962585,0.585034465789801,1,"summer"
"481",1999,1.47717223745949,"Central Coast (South)","Area 7-10",1997,11.6079429626465,-0.798880767822245,1,"summer"
"482",2000,1.4639121213323,"Central Coast (South)","Area 7-10",1998,12.4487654685974,0.0419417381286549,1,"summer"
"483",2001,1.63453320044601,"Central Coast (South)","Area 7-10",1999,11.7569111824036,-0.649912548065181,1,"summer"
"484",2002,1.54659849073837,"Central Coast (South)","Area 7-10",2000,12.316449546814,-0.0903741836547883,1,"summer"
"485",2003,1.69314329829528,"Central Coast (South)","Area 7-10",2001,13.1622992515564,0.755475521087642,1,"summer"
"486",2004,1.09079964224364,"Central Coast (South)","Area 7-10",2002,13.7209483146667,1.31412458419799,1,"summer"
"487",2005,0.541162058939833,"Central Coast (South)","Area 7-10",2003,13.6065928459168,1.199769115448,1,"summer"
"488",2006,0.301605621704389,"Central Coast (South)","Area 7-10",2004,12.5722014427185,0.165377712249754,1,"summer"
"489",2007,0.873739762307321,"Central Coast (South)","Area 7-10",2005,12.4320326805115,0.025208950042724,1,"summer"
"490",2008,1.41875080156303,"Central Coast (South)","Area 7-10",2006,11.3659830093384,-1.04084072113037,1,"summer"
"491",2009,1.38983303744582,"Central Coast (South)","Area 7-10",2007,12.1053267478943,-0.301496982574463,1,"summer"
"492",2010,1.77415537310632,"Central Coast (South)","Area 7-10",2008,12.1246143341064,-0.282209396362308,1,"summer"
"493",2011,1.01468240157171,"Central Coast (South)","Area 7-10",2009,12.5677691459656,0.160945415496833,1,"summer"
"494",2012,1.44351089924339,"Central Coast (South)","Area 7-10",2010,12.0693098068237,-0.337513923645023,1,"summer"
"495",2013,1.0498524951766,"Central Coast (South)","Area 7-10",2011,13.3445489883423,0.937725257873525,1,"summer"
"496",2014,1.33363697810206,"Central Coast (South)","Area 7-10",2012,13.4373333930969,1.03050966262819,1,"summer"
"497",2015,0.514625100165109,"Central Coast (South)","Area 7-10",2013,13.8382481575012,1.43142442703249,1,"summer"
"498",2016,1.74882948652118,"Central Coast (South)","Area 7-10",2014,13.5066631317139,1.09983940124513,1,"summer"
"499",2017,0.267524247793283,"Central Coast (South)","Area 7-10",2015,13.1062926292419,0.699468898773191,1,"summer"
"500",2018,1.62415416545763,"Central Coast (South)","Area 7-10",2016,13.5478315353394,1.14100780487061,1,"summer"
"501",2019,0.411991049671643,"Central Coast (South)","Area 7-10",2017,13.8521221160889,1.44529838562011,1,"summer"
"502",2020,1.4781057091046,"Central Coast (South)","Area 7-10",2018,13.1835263252258,0.776702594757081,1,"summer"
"503",2021,0.976982743413274,"Central Coast (South)","Area 7-10",2019,12.8287055969238,0.421881866455077,1,"summer"
"504",2022,1.26971778205737,"Central Coast (South)","Area 7-10",2020,13.0131088256836,0.606285095214836,1,"summer"
"505",2023,NA,"Central Coast (South)",NA,NA,13.4591407775879,1.05231704711912,1,"summer"
"506",2024,NA,"Central Coast (South)",NA,NA,13.0691003799438,0.662276649475101,1,"summer"
"507",2023,NA,"Haida Gwaii",NA,NA,12.8180947113037,0.973616681020767,2,"summer"
"508",2024,NA,"Haida Gwaii",NA,NA,12.492954826355,0.648476796072032,2,"summer"
"509",2023,NA,"Hecate Lowlands",NA,NA,13.2605169296265,1.03218307912023,3,"summer"
"510",2024,NA,"Hecate Lowlands",NA,NA,12.8925823847453,0.664248534239048,3,"summer"
"511",2023,NA,"Inner Waters",NA,NA,13.2605169296265,1.03218307912023,4,"summer"
"512",2024,NA,"Inner Waters",NA,NA,12.8925823847453,0.664248534239048,4,"summer"
"513",2023,NA,"Nass",NA,NA,12.4455408096313,0.90462652425297,5,"summer"
"514",2024,NA,"Nass",NA,NA,12.1568648020426,0.615950516664253,5,"summer"
"515",2023,NA,"Skeena",NA,NA,12.6831383705139,0.955452135742695,6,"summer"
"516",2024,NA,"Skeena",NA,NA,12.3685777664185,0.640891531647221,6,"summer"
